headline,category,source
TikTok faces Ofcom investigation over child age checks,Technology,BBC News
Teen hackers who live streamed cyber-attack on TfL jailed,Technology,BBC News
SpaceX share price drops below stock market debut,Technology,BBC News
Midnight social media curfew proposed for UK teens aged 16 and 17,Technology,BBC News
10 years of Pokémon Go and the millions still trying to catch 'em all,Technology,BBC News
Meta pulls new AI image feature after days of backlash,Technology,BBC News
Is the Assassin's Creed Black Flag remake worth the 13 year wait?,Technology,BBC News
"Apple sues OpenAI, its employees claiming theft of trade secrets",Technology,BBC News
EU threatens Meta with fines over 'addictive' Facebook and Instagram,Technology,BBC News
Big tech must deal with scam ads under Ofcom proposals,Technology,BBC News
'Cool in 90 seconds' - the fake portable air conditioners sweeping the internet,Technology,BBC News
Pressure builds on Europe's biggest port to be greener,Technology,BBC News
"Porn site company fined £630,000 over failed age checks",Technology,BBC News
Tech Life,Technology,BBC News
Tech Life,Technology,BBC News
Tech Life,Technology,BBC News
Tech Life,Technology,BBC News
Tech Now,Technology,BBC News
Tech Now,Technology,BBC News
Tech Now,Technology,BBC News
Tech Now,Technology,BBC News
"NHS manager says trust wanted 4,000 reports 'gone'",Health,BBC News
"Teenagers from 15 should be given free MenB vaccine, say UK experts",Health,BBC News
Jesy Nelson calls plan to test newborns for life-limiting muscle condition a 'victory',Health,BBC News
Covid inquiry PPE report - key findings,Health,BBC News
"UK wasted £10bn on PPE that left NHS staff poorly protected, Covid inquiry finds",Health,BBC News
"'Don't let blood be on your hands', mother tells inquiry",Health,BBC News
How deadly have the heatwaves in England and Wales been?,Health,BBC News
How my period is supercharging my ADHD,Health,BBC News
"More than 2,700 people may have died in exceptional May and June heatwaves in England and Wales",Health,BBC News
UK begins trials of Ebola vaccine developed in just eight weeks,Health,BBC News
US pays out $3m to victims of mystery Havana Syndrome condition reported by spies,Health,BBC News
People in 50s urged to complete bowel cancer screening,Health,BBC News
Pioneering treatment saves twins in early pregnancy,Health,BBC News
"'I couldn't leave the house, I worried I'd cheat': The rise of relationship OCD",Health,BBC News
We are living fewer years in good health: Is the NHS part of the problem?,Health,BBC News
Why some African nations are turning down Trump aid money,Health,BBC News
A mayor in Japan announced her maternity leave - and got the whole country talking,Health,BBC News
Loved and loathed: The making of India's viral liver doctor,Health,BBC News
What are the symptoms of meningitis and how is it spread?,Health,BBC News
Starting uni? What to know about the free NHS meningitis B jab in England,Health,BBC News
More protein or less? The foods to get you through a heatwave,Health,BBC News
What does hot weather do to the body?,Health,BBC News
What are UV levels and how can you protect yourself?,Health,BBC News
How my period is supercharging my ADHD,Health,BBC News
Endometriosis groups 'crying out' for cut in diagnosis time,Health,BBC News
'Endometriosis tests would have given me years back',Health,BBC News
Why women suffer more in the heat,Health,BBC News
Why heatwaves hit women harder,Health,BBC News
"County the place to develop spiritually, says monk",Health,BBC News
Why wellness is booming at festivals in the UK,Health,BBC News
How to get through World Cup-induced sleep deprivation,Health,BBC News
Is laughter really the best medicine?,Health,BBC News
Swim club calls for more school water safety lessons,Health,BBC News
Covid inquiry PPE report - key findings,Health,BBC News
"UK wasted £10bn on PPE that left NHS staff poorly protected, Covid inquiry finds",Health,BBC News
UK begins trials of Ebola vaccine developed in just eight weeks,Health,BBC News
'World-first' vaccine designed by artificial intelligence,Health,BBC News
Bird flu vaccine trial against potential pandemic strain begins,Health,BBC News
Doctors vote to take strike action in row over pay,Health,BBC News
Resident doctors take strike action over pay,Health,BBC News
Consultants and specialist doctors take strike action over pay,Health,BBC News
A&E to remain open as doctors' strike called off,Health,BBC News
Resident doctors cancel strike after new offer from government,Health,BBC News
Inside Health,Health,BBC News
Inside Health,Health,BBC News
Inside Health,Health,BBC News
Inside Health,Health,BBC News
Why listening to birdsong is good for you,Health,BBC News
The Inquiry,Health,BBC News
"The methanol poisoning that ""all began with that drink""",Health,BBC News
What in the World,Health,BBC News
Somerset MP Anna Sabine loses voice after surgery,Health,BBC News
British Steel taken into public ownership to protect 'vital' UK supply,Business,BBC News
Investigation into parking tickets for drivers queuing at petrol stations,Business,BBC News
Who is the frontrunner to be the UK's next chancellor?,Business,BBC News
Celebrity influencers paid up to £1m to advertise deodorant on Instagram,Business,BBC News
UK economy returns to growth in May,Business,BBC News
TikTok faces Ofcom investigation over child age checks,Business,BBC News
Chip giant TSMC pledges another $100bn to expand US production,Business,BBC News
Buffett calls Bill Gates relationship with Epstein 'distasteful',Business,BBC News
Aer Lingus proposes cutting 500 jobs under savings plan,Business,BBC News
SpaceX share price drops below stock market debut,Business,BBC News
Salary information to be shown on job ads under new laws,Business,BBC News
Burnham faces crucial choice for chancellor as battle for No 11 continues,Business,BBC News
Cash-strapped Thames Water poses big test for Burnham,Business,BBC News
Brewdog co-founder James Watt launches bid to buy back beer firm,Business,BBC News
Don't panic - five ways to stop your kids' endless scrolling,Business,BBC News
EasyJet passengers stuck on tarmac for hours when plane couldn't refuel,Business,BBC News
Heating oil customers to get compensation after price hikes,Business,BBC News
British Steel nationalisation takes step closer,Business,BBC News
How will Buy Now Pay Later changes affect you?,Business,BBC News
Midnight social media curfew proposed for UK teens aged 16 and 17,Business,BBC News
I changed jobs 10 times in 10 years to get the career I wanted,Business,BBC News
"China economic growth falls sharply, missing target",Business,BBC News
From Wimbledon towels to Scotch: What India-UK trade deal could mean for shoppers,Business,BBC News
Xbox workers stunned after jobs 'bloodbath',Business,BBC News
Billionaire Warren Buffett stops donations to Bill Gates charity,Business,BBC News
Gas prices drive down US inflation - but will it last?,Business,BBC News
Trump threatens to bomb bridges and power plants unless Iran resumes talks,Business,BBC News
Is tracking your food purchases good for your health?,Business,BBC News
New era for Gibraltar with removal of 118-year-old border controls with Spain,Business,BBC News
Wealthy AI workers send San Francisco house prices soaring,Business,BBC News
Robots available for rent: But what can they do?,Business,BBC News
AI is 'not smart' so what's next in artificial intelligence?,Business,BBC News
Why is crucial tech vulnerable to the heat?,Business,BBC News
The legal fight to get equal pay for Germany's disabled workers,Business,BBC News
Do you know your 'sweat score'? The rise of hydration tech,Business,BBC News
Is Germany looking again at coal-powered electricity?,Business,BBC News
The artificial ice pyramids saving India's mountain villages,Business,BBC News
'We had to get out of the way': The backlash over delivery robots,Business,BBC News
What is Helium-3 and could we get it from the moon?,Business,BBC News
What are my rights if my flight is cancelled or delayed?,Business,BBC News
How will Buy Now Pay Later changes affect you?,Business,BBC News
I changed jobs 10 times in 10 years to get the career I wanted,Business,BBC News
Heating oil customers to get compensation after price hikes,Business,BBC News
Gas prices drive down US inflation - but will it last?,Business,BBC News
Why Gen Z are planning for life without a state pension,Business,BBC News
The furious dispute over what caused Air India flight 171 to crash,Business,BBC News
How the High Street became a window on our political instability,Business,BBC News
The £5 coffee that tells a story of global economic turmoil,Business,BBC News
The threat to summer holidays looming from jet fuel shortages,Business,BBC News
Money Box,Business,BBC News
Woman's Hour,Business,BBC News
Should you be switching bank accounts?,Business,BBC News
How to find lost bank accounts,Business,BBC News
